0044-5967#Acta Amaz.#other###Agricultural Sciences###Acta Amazonica#aa#0044-5967##Instituto Nacional de Pesquisas da Amazônia
0102-3306#Acta Bot. Bras.#other###Biological Sciences###Acta Botanica Brasilica#abb#0102-3306##Sociedade Botânica do Brasil
0102-8650#Acta Cir. Bras.#other###Health Sciences###Acta Cirurgica Brasileira#acb#0102-8650#1678-2674#Sociedade Brasileira  para o Desenvolvimento da Pesquisa em Cirurgia
1413-7852#Acta ortop. bras.#other###Health Sciences###Acta Ortopédica Brasileira#aob#1413-7852##Sociedade Brasileira de Ortopedia e Traumatologia
0103-2100#Acta paul. enferm.#vancouv###Health Sciences###Acta Paulista de Enfermagem#ape#0103-2100#1982-0194#Escola Paulista de Enfermagem, Universidade Federal de São Paulo
1516-1498#Ágora (Rio J.)#other###Human Sciences###Ágora: Estudos em Teoria Psicanalítica#agora#1516-1498##Programa de Pós-graduação em Teoria Psicanalítica do Instituto de Psicologia da Universidade Federal do Rio de Janeiro - UFRJ
1517-106X#Alea#other###Linguistics, Letters and Arts###Alea : Estudos Neolatinos#alea#1517-106X##Programa de Pos-Graduação em Letras Neolatinas, Faculdade de Letras -UFRJ
1414-753X#Ambient. soc.#other###Human Sciences###Ambiente & Sociedade#asoc#1414-753X#1809-4422#ANPPAS - Revista Ambiente e Sociedade
0365-0596#An. Bras. Dermatol.#other###Health Sciences#An Bras Dermatol#0067662#Anais Brasileiros de Dermatologia#abd#0365-0596#1806-4841#Sociedade Brasileira de Dermatologia
0001-3765#An. Acad. Bras. Ciênc.#other###Agricultural Sciences/Biological Sciences/Engineering/Exact and Earth Sciences/Health Sciences/Human Sciences#An Acad Bras Cienc#45A#Anais da Academia Brasileira de Ciências#aabc#0001-3765##Academia Brasileira de Ciências
0301-8059#An. Soc. Entomol. Bras.#other###Agricultural Sciences###Anais da Sociedade Entomológica do Brasil#aseb#0301-8059##Sociedade Entomológica do Brasil
0101-4714#An. mus. paul.#nbr6023###Human Sciences###Anais do Museu Paulista: História e Cultura Material#anaismp#0101-4714##Museu Paulista, Universidade de São Paulo
0102-0935#Arq. Bras. Med. Vet. Zootec.#nbr6023###Agricultural Sciences###Arquivo Brasileiro de Medicina Veterinária e Zootecnia#abmvz#0102-0935##Universidade Federal de Minas Gerais, Escola de Veterinária
0066-782X#Arq. Bras. Cardiol.#vancouv###Health Sciences#Arq Bras Cardiol##Arquivos Brasileiros de Cardiologia#abc#0066-782X##Sociedade Brasileira de Cardiologia - SBC
0004-2730#Arq Bras Endocrinol Metab#other###Health Sciences#Arq Bras Endocrinol Metabol. #0403437#Arquivos Brasileiros de Endocrinologia & Metabologia#abem#0004-2730##Sociedade Brasileira de Endocrinologia e Metabologia
0004-2749#Arq. Bras. Oftalmol.#vancouv###Health Sciences#Arq Bras Oftalmol.#0400645#Arquivos Brasileiros de Oftalmologia#abo#0004-2749##Conselho Brasileiro de Oftalmologia
0004-2803#Arq. Gastroenterol.#vancouv###Health Sciences#Arq Gastroenterol#8TR#Arquivos de Gastroenterologia#ag#0004-2803##Instituto Brasileiro de Estudos e Pesquisas de Gastroenterologia - IBEPEGE , Colégio Brasileiro de Cirurgia Digestiva - CBCD , Sociedade Brasileira de Motilidade Digestiva - SBMD , Federação Brasileira de Gastroenterologia - FBG, Sociedade Brasileira de Hepatologia - SBH, Sociedade Brasileira de Endoscopia Digestiva - SOBED
0004-282X#Arq. Neuro-Psiquiatr.#vancouv###Health Sciences#Arq Neuropsiquiatr##Arquivos de Neuro-Psiquiatria#anp#0004-282X##Academia Brasileira de Neurologia - ABNEURO
1414-4077#Avaliação (Campinas)#nbr6023###Human Sciences###Avaliação: Revista da Avaliação da Educação Superior (Campinas)#aval#1414-4077##Universidade de Sorocaba
1676-0603#Biota Neotrop.#other###Biological Sciences###Biota Neotropica#bn##1676-0603#Instituto Virtual da Biodiversidade | BIOTA - FAPESP
0006-8705#Bragantia#other###Agricultural Sciences###Bragantia#brag#0006-8705##Instituto Agronômico de Campinas
1516-8913#Braz. arch. biol. technol.#other###Biological Sciences###Brazilian Archives of Biology and Technology#babt#1516-8913##Brazilian Archives of Biology and Technology
0103-6440#Braz. Dent. J.#other###Health Sciences#Braz Dent J#9214652#Brazilian Dental Journal #bdj#0103-6440##Fundação Odontológica de Ribeirão Preto
1519-6984#Braz. J. Biol.#other###Biological Sciences#Braz J Biol.##Brazilian Journal of Biology#bjb#1519-6984##Instituto Internacional de Ecologia
0104-6632#Braz. J. Chem. Eng.#other###Engineering/Exact and Earth Sciences###Brazilian Journal of Chemical Engineering#bjce#0104-6632##Brazilian Society of Chemical Engineering
0100-8455#Braz. J. Genet.#other###Biological Sciences###Brazilian Journal of Genetics#bjg#0100-8455##Sociedade Brasileira de Genética
1413-8670#Braz J Infect Dis#other###Biological Sciences/Health Sciences#Braz J Infect Dis##Brazilian Journal of Infectious Diseases#bjid#1413-8670##Brazilian Society of Infectious Diseases
0100-879X#Braz J Med Biol Res#other###Biological Sciences/Health Sciences#Braz J Med Biol Res#BOF#Brazilian Journal of Medical and Biological Research#bjmbr##1414-431X#Associação Brasileira de Divulgação Científica
1517-8382#Braz. J. Microbiol.#other###Biological Sciences###Brazilian Journal of Microbiology#bjm#1517-8382##Sociedade Brasileira de Microbiologia
1679-8759#Braz. j. oceanogr.#nbr6023###Exact and Earth Sciences###Brazilian Journal of Oceanography#bjoce#1679-8759#1982-436X#Universidade de São Paulo, Instituto Oceanográfico
0103-9733#Braz. J. Phys.#other###Exact and Earth Sciences###Brazilian Journal of Physics#bjp#0103-9733##Sociedade Brasileira de Física
1677-0420#Braz. J. Plant Physiol.#other###Biological Sciences###Brazilian Journal of Plant Physiology#bjpp#1677-0420##Brazilian Journal of Plant Physiology
1413-9596#Braz. J. Vet. Res. Anim. Sci.#other###Agricultural Sciences###Brazilian Journal of Veterinary Research and Animal Science#bjvras#1413-9596##Faculdade de Medicina Veterinária e Zootecnia / Universidade de São Paulo
1806-8324#Braz. oral res.#vancouv###Health Sciences#Braz. oral res##Brazilian Oral Research#bor#1806-8324##Sociedade Brasileira de Pesquisa Odontológica 
0101-3262#Cad. CEDES#other###Human Sciences###Cadernos CEDES#ccedes#0101-3262##Centro de Estudos Educação e Sociedade
0100-1574#Cad. Pesqui.#other###Human Sciences###Cadernos de Pesquisa#cp#0100-1574##Fundação Carlos Chagas
0102-311X#Cad. Saúde Pública#vancouv###Health Sciences#Cad Saude Publica##Cadernos de Saúde Pública#csp#0102-311X##Escola Nacional de Saúde Pública Sergio Arouca, Fundação Oswaldo Cruz
0104-8333#Cad. Pagu#other###Human Sciences###Cadernos Pagu#cpa#0104-8333##Núcleo de Estudos de Gênero - Pagu
0366-6913#Cerâmica#other###Engineering/Exact and Earth Sciences###Cerâmica#ce#0366-6913##Associação Brasileira de Cerâmica
1516-7313#Ciênc. educ. (Bauru)#nbr6023###Human Sciences###Ciência & Educação (Bauru)#ciedu#1516-7313#1980-850X#Programa de Pós-Graduação em Educação para a Ciência, Universidade Estadual Paulista (UNESP), Faculdade de Ciências, campus de Bauru.
1413-8123#Ciênc. saúde coletiva#other###Health Sciences###Ciência & Saúde Coletiva#csc#1413-8123##ABRASCO - Associação Brasileira de Saúde Coletiva
0100-1965#Ci. Inf.#other###Applied Social Sciences###Ciência da Informação#ci#0100-1965##IBICT
1413-7054#Ciênc. agrotec.#nbr6023###Agricultural Sciences###Ciência e Agrotecnologia#cagro#1413-7054##Editora da Universidade Federal de Lavras
0101-2061#Food Sci. Technol (Campinas)#other###Agricultural Sciences###Food Science and Technology (Campinas)#cta#0101-2061#1678-457X#Sociedade Brasileira de Ciência e Tecnologia de Alimentos
0103-8478#Cienc. Rural#nbr6023###Agricultural Sciences###Ciência Rural#cr#0103-8478##Universidade Federal de Santa Maria
1807-5932#Clinics#other###Health Sciences#Clinics##Clinics#clin#1807-5932##Faculdade de Medicina / USP
1807-0302#Comput. Appl. Math.#other###Exact and Earth Sciences###Computational & Applied Mathematics#cam##1807-0302#Sociedade Brasileira de Matemática Aplicada e Computacional
0102-8529#Contexto int.#nbr6023###Applied Social Sciences###Contexto Internacional#cint#0102-8529##Pontifícia Universidade Católica do Rio de Janeiro, Instituto de Relações Internacionais
0011-5258#Dados#other###Human Sciences###Dados#dados#0011-5258##Instituto de Estudos Sociais e Políticos (IESP) da Universidade do Estado do Rio de Janeiro (UERJ)
0102-4450#DELTA#other###Linguistics, Letters and Arts###DELTA: Documentação de Estudos em Lingüística Teórica e Aplicada#delta#0102-4450##Pontifícia Universidade Católica de São Paulo - PUC-SP
0100-4670#Eclet. Quím.#other###Exact and Earth Sciences###Eclética Química#eq#0100-4670##Fundação Editora da Universidade Estadual Paulista Júlio de Mesquita Filho - UNESP
1413-8050#Econ. Apl.#nbr6023###Applied Social Sciences###Economia Aplicada#ecoa#1413-8050##Faculdade de Economia, Administração e Contabilidade de Ribeirão Preto da Universidade de São Paulo
0104-0618#Econ. soc.#other###Applied Social Sciences###Economia e Sociedade#ecos#0104-0618##Instituto de Economia da Universidade Estadual de Campinas
0101-7330#Educ. Soc.#other###Human Sciences###Educação & Sociedade#es#0101-7330##Centro de Estudos Educação e Sociedade - Cedes
1517-9702#Educ. Pesqui.#other###Human Sciences###Educação e Pesquisa#ep#1517-9702##Faculdade de Educação da Universidade de São Paulo
0102-4698#Educ. rev.#nbr6023###Human Sciences###Educação em Revista#edur#0102-4698##Faculdade de Educação da Universidade Federal de Minas Gerais
0104-4060#Educ. rev.#other###Human Sciences###Educar em Revista#er#0104-4060##Setor de Educação da Universidade Federal do Paraná
0100-6916#Eng. Agríc.#nbr6023###Agricultural Sciences###Engenharia Agrícola#eagri#0100-6916##Associação Brasileira de Engenharia Agrícola
1413-4152#Eng. Sanit. Ambient.#other###Engineering###Engenharia Sanitaria e Ambiental #esa#1413-4152##ABES 
0104-4036#Ensaio: aval.pol.públ.Educ.#nbr6023###Human Sciences###Ensaio: Avaliação e Políticas Públicas em Educação#ensaio#0104-4036##Fundação CESGRANRIO
0328-0381#Entomol. vectores#other###Biological Sciences###Entomología y Vectores#ev#0328-0381##Editora Gama Filho
0101-546X#Estud. afro-asiát.#other###Human Sciences###Estudos Afro-Asiáticos#eaa#0101-546X##Universidade Cândido Mendes
0103-4014#Estud. av.#other###Human Sciences###Estudos Avançados#ea#0103-4014##Instituto de Estudos Avançados da Universidade de São Paulo
0103-166X#Estud. psicol. (Campinas)#apa###Human Sciences###Estudos de Psicologia (Campinas)#estpsi#0103-166X##PPG em Psicologia, Pontifícia Universidade Católica de Campinas
1413-294X#Estud. psicol. (Natal)#apa###Human Sciences###Estudos de Psicologia (Natal)#epsic#1413-294X##PPgPsi-UFRN
0101-4161#Estud. Econ.#nbr6023###Applied Social Sciences###Estudos Econômicos (São Paulo)#ee#0101-4161##Instituto de Pesquisas Econômicas da FEA-USP
0100-4158#Fitopatol. bras.#other###Agricultural Sciences###Fitopatologia Brasileira#fb#0100-4158##Sociedade Brasileira de Fitopatologia
1415-4757#Genet. Mol. Biol.#other###Biological Sciences###Genetics and Molecular Biology#gmb#1415-4757##Sociedade Brasileira de Genética
0104-530X#Gest. Prod.#other###Engineering###Gestão & Produção#gp#0104-530X##Universidade Federal de São Carlos
0101-9074#História#other###Human Sciences###História (São Paulo)#his#0101-9074#1980-4369#Universidade Estadual Paulista Julio de Mesquita Filho
0104-5970#Hist. cienc. saude-Manguinhos#other###Health Sciences/Human Sciences###História, Ciências, Saúde-Manguinhos#hcsm#0104-5970##Casa de Oswaldo Cruz, Fundação Oswaldo Cruz
0104-7183#Horiz. antropol.#other###Human Sciences###Horizontes Antropológicos#ha#0104-7183##Programa de Pós-Graduação em Antropologia Social - IFCH-UFRGS
0102-0536#Hortic. Bras.#other###Agricultural Sciences/Biological Sciences###Horticultura Brasileira#hb#0102-0536##Associação Brasileira de Horticultura
0073-4721#Iheringia, Sér. Zool.#other###Biological Sciences###Iheringia. Série Zoologia#isz#0073-4721##Fundação Zoobotânica do Rio Grande do Sul
1518-7012#Interações (Campo Grande)#nbr6023###Applied Social Sciences/Human Sciences###Interações (Campo Grande)#inter#1518-7012##Universidade Católica Dom Bosco
1414-3283#Interface (Botucatu)#nbr6023###Health Sciences/Human Sciences###Interface - Comunicação, Saúde, Educação#icse#1414-3283##Interface - Comunicação, Saúde, Educação
1677-5538#Int. braz j urol.#other###Health Sciences#int j urol##International braz j urol#ibju#1677-5538##Sociedade Brasileira de Urologia
1676-2444#J. Bras. Patol. Med. Lab.#nbr6023###Health Sciences###Jornal Brasileiro de Patologia e Medicina Laboratorial#jbpml#1676-2444##Sociedade Brasileira de Patologia Clínica, Sociedade Brasileira de Patologia, Sociedade Brasileira de Citopatologia
1806-3713#J. bras. pneumol.#vancouv###Health Sciences###Jornal Brasileiro de Pneumologia#jbpneu#1806-3713##Sociedade Brasileira de Pneumologia e Tisiologia
0047-2085#J. bras. psiquiatr.#vancouv###Health Sciences###Jornal Brasileiro de Psiquiatria#jbpsiq#0047-2085##Instituto de Psiquiatria da Universidade Federal do Rio de Janeiro
0021-7557#J. Pediatr. (Rio J.)#vancouv###Health Sciences###Jornal de Pediatria#jped#0021-7557##Sociedade Brasileira de Pediatria
0102-3586#J. Pneumologia#vancouv###Health Sciences###Jornal de Pneumologia#jpneu#0102-3586##Sociedade Brasileira de Pneumologia e Tisiologia
1677-5449#J. vasc. bras.#other###Health Sciences###Jornal Vascular Brasileiro#jvb#1677-5449##Sociedade Brasileira de Angiologia e de Cirurgia Vascular (SBACV)
1678-7757#J. Appl. Oral Sci.#vancouv###Health Sciences###Journal of Applied Oral Science#jaos#1678-7757##Faculdade De Odontologia De Bauru - USP
1676-2649#J. epilepsy clin. neurophysiol.#vancouv###Health Sciences###Journal of Epilepsy and Clinical Neurophysiology#jecn#1676-2649##Liga Brasileira de Epilepsia (LBE)
0103-5053#J. Braz. Chem. Soc.#other###Exact and Earth Sciences###Journal of the Brazilian Chemical Society#jbchs#0103-5053##Sociedade Brasileira de Química
0104-6500#J. Braz. Comp. Soc.#other###Exact and Earth Sciences###Journal of the Brazilian Computer Society#jbcos#0104-6500##Sociedade Brasileira de Computação
0100-7386#J. Braz. Soc. Mech. Sci.#other###Engineering/Exact and Earth Sciences###Journal of the Brazilian Society of Mechanical Sciences#jbsms#0100-7386##The Brazilian Society of Mechanical Sciences
1678-5878#J. Braz. Soc. Mech. Sci. & Eng.#other###Engineering/Exact and Earth Sciences###Journal of the Brazilian Society of Mechanical Sciences and Engineering#jbsmse#1678-5878##Associação Brasileira de Engenharia e Ciências Mecânicas - ABCM
0104-7930#J. Venom. Anim. Toxins#other###Agricultural Sciences/Biological Sciences###Journal of Venomous Animals and Toxins#jvat#0104-7930##Centro de Estudos de Venenos e Animais Peçonhentos - CEVAP, Universidade Estadual Paulista - UNESP
1678-9199#J. Venom. Anim. Toxins incl. Trop. Dis#vancouv###Agricultural Sciences/Biological Sciences###Journal of Venomous Animals and Toxins including Tropical Diseases#jvatitd##1678-9199#Centro de Estudos de Venenos e Animais Peçonhentos - CEVAP, Universidade Estadual Paulista - UNESP
0100-512X#Kriterion#nbr6023###Human Sciences###Kriterion: Revista de Filosofia#kr#0100-512X##Faculdade de Filosofia e Ciências Humanas da UFMG
0102-6445#Lua Nova#other###Applied Social Sciences/Human Sciences###Lua Nova: Revista de Cultura e Política#ln#0102-6445##CEDEC
0104-9313#Mana#other###Human Sciences###Mana#mana#0104-9313##Programa de Pós-Graduação em Antropologia Social - PPGAS-Museu Nacional, da Universidade Federal do Rio de Janeiro - UFRJ
1517-7076#Matéria (Rio J.)#other###Engineering/Exact and Earth Sciences###Matéria (Rio de Janeiro)#rmat##1517-7076#Rede Latino-Americana de Materiais
1516-1439#Mat. Res.#other###Engineering/Exact and Earth Sciences###Materials Research#mr#1516-1439##ABM, ABC, ABPol
0074-0276#Mem. Inst. Oswaldo Cruz#other###Biological Sciences/Health Sciences#Mem Inst Oswaldo Cruz#MRY#Memórias do Instituto Oswaldo Cruz#mioc#0074-0276##Instituto Oswaldo Cruz, Ministério da Saúde
1519-566X#Neotrop. entomol.#other###Biological Sciences###Neotropical Entomology#ne#1519-566X##Sociedade Entomológica do Brasil
1679-6225#Neotrop. ichthyol.#other###Biological Sciences###Neotropical Ichthyology#ni#1679-6225##Sociedade Brasileira de Ictiologia
0103-6351#Nova econ.#other###Applied Social Sciences###Nova Economia#neco#0103-6351##Nova Economia
0101-3300#Novos estud. - CEBRAP#other###Human Sciences###Novos Estudos - CEBRAP#nec#0101-3300##Centro Brasileiro de Análise e Planejamento
0104-6276#Opin. Publica#other###Human Sciences###Opinião Pública#op#0104-6276## Centro de Estudos de Opiniao Publica da Universidade Estadual de Campinas
0103-863X#Paidéia (Ribeirão Preto)#apa###Human Sciences###Paidéia (Ribeirão Preto)#paideia#0103-863X##Universidade de São Paulo, Faculdade de Filosofia Ciências e Letras de Ribeirão Preto
0031-1049#Pap. Avulsos Zool. (São Paulo)#other###Biological Sciences###Papéis Avulsos de Zoologia (São Paulo)#paz#0031-1049##USP
1413-9936#Perspect. ciênc. inf.#other###Applied Social Sciences###Perspectivas em Ciência da Informação#pci#1413-9936##Escola de Ciência da Informação da UFMG
0100-204X#Pesq. agropec. bras.#other###Agricultural Sciences###Pesquisa Agropecuária Brasileira#pab#0100-204X#1678-3921#Embrapa Informação Tecnológica, Pesquisa Agropecuária Brasileira
1517-7491#Pesqui. Odontol. Bras.#vancouv###Health Sciences#Pesqui Odontol Bras.##Pesquisa Odontológica Brasileira#pob#1517-7491##Sociedade Brasileira de Pesquisa Odontológica e Faculdade de Odontologia da Universidade de São Paulo
0101-7438#Pesqui. Oper.#other###Engineering###Pesquisa Operacional#pope#0101-7438##Sociedade Brasileira de Pesquisa Operacional
0100-736X#Pesq. Vet. Bras.#other###Agricultural Sciences###Pesquisa Veterinária Brasileira#pvb#0100-736X##Colégio Brasileiro de Patologia Animal - CBPA
0103-7331#Physis#other###Human Sciences#Physis#9440484#Physis: Revista de Saúde Coletiva#physis#0103-7331##IMS-UERJ
0100-8358#Planta daninha#nbr6023###Agricultural Sciences###Planta Daninha#pd#0100-8358##Sociedade Brasileira da Ciência das Plantas Daninhas 
0104-1428#Polímeros#other###Engineering/Exact and Earth Sciences###Polímeros#po#0104-1428##Associação Brasileira de Polímeros
0103-6513#Prod.#nbr6023###Engineering###Produção#prod#0103-6513##Associação Brasileira de Engenharia de Produção
0104-5687#Pró-Fono R. Atual. Cient.#nbr6023###Health Sciences###Pró-Fono Revista de Atualização Científica#pfono#0104-5687##Pró-Fono Produtos Especializados para Fonoaudiologia Ltda.
0102-7182#Psicol. Soc.#apa###Human Sciences###Psicologia & Sociedade#psoc#0102-7182#1807-0310#Associação Brasileira de Psicologia Social
0103-5665#Psicol. clin.#apa###Human Sciences###Psicologia Clínica#pc#0103-5665##Departamento de Psicologia da Pontifícia Universidade Católica do Rio de Janeiro
1413-7372#Psicol. estud.#apa###Human Sciences###Psicologia em Estudo#pe#1413-7372##Departamento de Psicologia - Universidade Estadual de Maringá
0103-6564#Psicol. USP#other###Human Sciences###Psicologia USP#pusp#0103-6564##Instituto de Psicologia da Universidade de São Paulo
0102-7972#Psicol. Reflex. Crit.#apa###Human Sciences###Psicologia: Reflexão e Crítica#prc#0102-7972##Curso de Pós-Graduação em Psicologia da Universidade Federal do Rio Grande do Sul
0102-3772#Psic.: Teor. e Pesq.#apa###Human Sciences###Psicologia: Teoria e Pesquisa#ptp#0102-3772##Instituto de Psicologia, Universidade de Brasília
0100-4042#Quím. Nova#other###Exact and Earth Sciences###Química Nova#qn#0100-4042##Sociedade Brasileira de Química
0100-3984#Radiol Bras#other###Health Sciences###Radiologia Brasileira#rb#0100-3984##Colégio Brasileiro de Radiologia e Diagnóstico por Imagem
1676-5648#RAE electron.#nbr6023###Applied Social Sciences###RAE eletrônica#raeel##1676-5648#Fundação Getulio Vargas/Escola de Administração de Empresas de São Paulo
0370-4467#Rem: Rev. Esc. Minas#nbr6023###Engineering/Exact and Earth Sciences###Rem: Revista Escola de Minas#rem#0370-4467##Escola de Minas
0100-6762#Rev. Árvore#nbr6023###Agricultural Sciences###Revista Árvore#rarv#0100-6762##Sociedade de Investigações Florestais
0034-7094#Rev. Bras. Anestesiol.#other###Health Sciences###Revista Brasileira de Anestesiologia#rba#0034-7094##Sociedade Brasileira de Anestesiologia
0034-7108#Rev. Bras. Biol.#other###Biological Sciences#Rev Bras Biol#RGH #Revista Brasileira de Biologia#rbbio#0034-7108##Instituto Internacional de Ecologia
0100-8404#Braz. J. Bot.#other###Biological Sciences###Brazilian Journal of Botany#rbb#0100-8404#1806-9959#Sociedade Botânica de São Paulo
1516-635X#Rev. Bras. Cienc. Avic.#other###Agricultural Sciences###Revista Brasileira de Ciência Avícola#rbca#1516-635X##Fundação APINCO de Ciência e Tecnologia Avícolas
0100-0683#Rev. Bras. Ciênc. Solo#other###Agricultural Sciences###Revista Brasileira de Ciência do Solo#rbcs#0100-0683##Sociedade Brasileira de Ciência do Solo
1516-9332#Rev. Bras. Cienc. Farm.#nbr6023###Health Sciences###Revista Brasileira de Ciências Farmacêuticas#rbcf#1516-9332##Divisão de Biblioteca e Documentação do Conjunto das Químicas da Universidade de São Paulo
0102-6909#Rev. bras. Ci. Soc.#other###Human Sciences###Revista Brasileira de Ciências Sociais#rbcsoc#0102-6909##Associação Nacional de Pós-Graduação e Pesquisa em Ciências Sociais - ANPOCS
0102-7638#Rev Bras Cir Cardiovasc#vancouv###Health Sciences###Revista Brasileira de Cirurgia Cardiovascular#rbccv#0102-7638##Sociedade Brasileira de Cirurgia Cardiovascular
0101-9880#Rev bras. colo-proctol.#vancouv###Health Sciences###Revista Brasileira de Coloproctologia#rbc#0101-9880##Cidade Editora Científica Ltda
0034-7140#Rev. Bras. Econ.#other###Applied Social Sciences###Revista Brasileira de Economia#rbe#0034-7140##Fundação Getúlio Vargas
1413-2478#Rev. Bras. Educ.#nbr6023###Human Sciences###Revista Brasileira de Educação#rbedu#1413-2478##Editora Autores Associados
1413-6538#Rev. bras. educ. espec.#nbr6023###Human Sciences###Revista Brasileira de Educação Especial#rbee#1413-6538##Associação Brasileira de Pesquisadores em Educação Especial - ABPEE
0100-5502#Rev. bras. educ. med.#other###Human Sciences###Revista Brasileira de Educação Médica#rbem#0100-5502##Associação Brasileira de Educação Médica
0034-7167#Rev. bras. enferm.#vancouv###Health Sciences###Revista Brasileira de Enfermagem#reben#0034-7167##Associação Brasileira de Enfermagem
1415-4366#Rev. bras. eng. agríc. ambient.#other###Agricultural Sciences###Revista Brasileira de Engenharia Agrícola e Ambiental#rbeaa#1415-4366#1807-1929#Departamento de Engenharia Agrícola  - UFCG
1806-1117#Rev. Bras. Ensino Fís.#other###Human Sciences###Revista Brasileira de Ensino de Física#rbef#1806-1117##Sociedade Brasileira de Física
0085-5626#Rev. Bras. entomol.#other###Biological Sciences###Revista Brasileira de Entomologia#rbent#0085-5626##Sociedade Brasileira De Entomologia
1415-790X#Rev. bras. epidemiol.#vancouv###Health Sciences#Rev Bras Epidemiol#100954576#Revista Brasileira de Epidemiologia#rbepid#1415-790X##Associação Brasileira de Pós -Graduação em Saúde Coletiva 
0102-3098#Rev. bras. estud. popul.#nbr6023###Applied Social Sciences###Revista Brasileira de Estudos de População#rbepop#0102-3098##Associação Brasileira de Estudos Populacionais
0102-695X#Rev. bras. farmacogn.#other###Health Sciences###Revista Brasileira de Farmacognosia#rbfar#0102-695X##Sociedade Brasileira de Farmacognosia
0103-3131#Rev. Bras. Fisiol. Veg.#other###Biological Sciences###Revista Brasileira de Fisiologia Vegetal#rbfv#0103-3131##Sociedade Brasileira de Fisiologia Vegetal
1413-3555#Braz. J. Phys. Ther.#other###Health Sciences###Brazilian Journal of Physical Therapy#rbfis#1413-3555##Associação Brasileira de Pesquisa e Pós-Graduação em Fisioterapia  
0100-2945#Rev. Bras. Frutic.#other###Agricultural Sciences###Revista Brasileira de Fruticultura#rbf#0100-2945##Sociedade Brasileira de Fruticultura
0102-261X#Rev. Bras. Geof.#other###Exact and Earth Sciences###Revista Brasileira de Geofísica#rbg#0102-261X##Sociedade Brasileira de Geofísica
0100-7203#Rev. Bras. Ginecol. Obstet.#other###Health Sciences###Revista Brasileira de Ginecologia e Obstetrícia#rbgo#0100-7203##Federação Brasileira das Sociedades de Ginecologia e Obstetrícia
1516-8484#Rev. Bras. Hematol. Hemoter.#other###Health Sciences###Revista Brasileira de Hematologia e Hemoterapia#rbhh#1516-8484##Associação Brasileira de Hematologia e Hemoterapia e da, Sociedade Brasileira de Transplante de Medula Óssea
0102-0188#Rev. Bras. Hist.#other###Human Sciences###Revista Brasileira de História#rbh#0102-0188#1806-9347#Associação Nacional de História - ANPUH
1517-8692#Rev Bras Med Esporte#other###Health Sciences###Revista Brasileira de Medicina do Esporte#rbme#1517-8692##Sociedade Brasileira de Medicina do Exercício e do Esporte
0102-7786#Rev. bras. meteorol.#nbr6023###Exact and Earth Sciences###Revista Brasileira de Meteorologia#rbmet#0102-7786##Sociedade Brasileira de Meteorologia
0034-7280#Rev. bras.oftalmol.#vancouv###Health Sciences###Revista Brasileira de Oftalmologia#rbof#0034-7280##Sociedade Brasileira de Oftalmologia
0102-3616#Rev. bras. ortop.#vancouv###Health Sciences###Revista Brasileira de Ortopedia#rbort#0102-3616##Sociedade Brasileira de Ortopedia e Traumatologia
0034-7299#Rev. Bras. Otorrinolaringol.#vancouv###Health Sciences###Revista Brasileira de Otorrinolaringologia#rboto#0034-7299##ABORL-CCF Associação Brasileira de Otorrinolaringologia e Cirurgia Cérvico-Facial
0034-7329#Rev. bras. polít. int.#nbr6023###Applied Social Sciences/Human Sciences###Revista Brasileira de Política Internacional#rbpi#0034-7329##Instituto Brasileiro de Relações Internacionais
1516-4446#Rev. Bras. Psiquiatr.#vancouv###Health Sciences###Revista Brasileira de Psiquiatria#rbp#1516-4446##Associação Brasileira de Psiquiatria - ABP
0482-5004#Rev. Bras. Reumatol.#other###Health Sciences###Revista Brasileira de Reumatologia#rbr#0482-5004##Elsevier Editora Ltda
1519-3829#Rev. Bras. Saude Mater. Infant.#vancouv###Health Sciences###Revista Brasileira de Saúde Materno Infantil #rbsmi#1519-3829##Instituto de Medicina Integral Prof. Fernando Figueira
0101-3122#Rev. bras. sementes#nbr6023###Agricultural Sciences###Revista Brasileira de Sementes#rbs#0101-3122##Associação Brasileira de Tecnologia de Sementes
0103-507X#Rev. bras. ter. intensiva#vancouv###Health Sciences###Revista Brasileira de Terapia Intensiva#rbti#0103-507X##Associação de Medicina Intensiva Brasileira - AMIB
0101-8175#Rev. Bras. Zool.#other###Biological Sciences###Revista Brasileira de Zoologia#rbzool#0101-8175##Sociedade Brasileira de Zoologia
1516-3598#R. Bras. Zootec.#other###Agricultural Sciences###Revista Brasileira de Zootecnia#rbz#1516-3598#1806-9290#Sociedade Brasileira de Zootecnia
1516-1846#Rev. CEFAC#vancouv###Health Sciences###Revista CEFAC#rcefac#1516-1846#1982-0216#CEFAC Saúde e Educação
1519-7077#Rev. contab. finanç.#nbr6023###Applied Social Sciences###Revista Contabilidade & Finanças#rcf#1519-7077#1808-057X#Universidade de São Paulo, Faculdade de Economia, Administração e Contabilidade, Departamento de Contabilidade e Atuária
0104-4230#Rev. Assoc. Med. Bras.#other###Health Sciences#Rev Assoc Med Bras#BR5#Revista da Associação Médica Brasileira#ramb#0104-4230##Associação Médica Brasileira
0080-6234#Rev. esc. enferm. USP#vancouv###Health Sciences###Revista da Escola de Enfermagem da USP#reeusp#0080-6234##Universidade de São Paulo, Escola de Enfermagem
0102-2555#Rev. Fac. Educ.#nbr6023###Human Sciences###Revista da Faculdade de Educação#rfe#0102-2555##Faculdade de Educação da Universidade de São Paulo
1516-8034#Rev. soc. bras. fonoaudiol.#vancouv###Health Sciences###Revista da Sociedade Brasileira de Fonoaudiologia#rsbf#1516-8034#1982-0232#Sociedade Brasileira de Fonoaudiologia
0037-8682#Rev. Soc. Bras. Med. Trop.#other###Health Sciences#Rev Soc Bras Med Trop#RET#Revista da Sociedade Brasileira de Medicina Tropical#rsbmt#0037-8682##Sociedade Brasileira de Medicina Tropical - SBMT
1415-6555#Rev. adm. contemp.#other###Applied Social Sciences###Revista de Administração Contemporânea#rac#1415-6555#1982-7849#Associação Nacional dos Programas de Pós-graduação em Administração
0034-7612#Rev. Adm. Pública#nbr6023###Applied Social Sciences###Revista de Administração Pública#rap#0034-7612##Fundação Getúlio Vargas
0034-7701#Rev. Antropol.#other###Human Sciences###Revista de Antropologia#ra#0034-7701##Departamento de Antropologia, Faculdade de Filosofia, Letras e Ciências Humanas, Universidade de São Paulo - FFLCH/USP
1415-9848#Rev. econ. contemp.#other###Applied Social Sciences###Revista de Economia Contemporânea#rec#1415-9848##Instituto de Economa da Universidade Federal do Rio de Janeiro
0103-2003#Rev. Econ. Sociol. Rural#nbr6023###Applied Social Sciences/Human Sciences###Revista de Economia e Sociologia Rural#resr#0103-2003##Sociedade Brasileira de Economia e Sociologia Rural
0101-3157#Rev. Econ. Polit.#other###Applied Social Sciences###Revista de Economia Política#rep#0101-3157##Editora 34
1415-5273#Rev. Nutr.#vancouv###Health Sciences###Revista de Nutrição#rn#1415-5273##Pontifícia Universidade Católica de Campinas
0103-0663#Rev Odontol Univ São Paulo#nbr6023###Health Sciences###Revista de Odontologia da Universidade de São Paulo#rousp#0103-0663##Universidade de São Paulo
0101-6083#Rev. psiquiatr. clín.#vancouv###Health Sciences###Revista de Psiquiatria Clínica#rpc#0101-6083##Faculdade de Medicina da Universidade de São Paulo
0101-8108#Rev. psiquiatr. Rio Gd. Sul#vancouv###Health Sciences###Revista de Psiquiatria do Rio Grande do Sul#rprs#0101-8108##Sociedade de Psiquiatria do Rio Grande do Sul
0034-8910#Rev. Saúde Pública#vancouv###Health Sciences#Rev Saude Publica##Revista de Saúde Pública#rsp#0034-8910##Faculdade de Saúde Pública da Universidade de São Paulo
0104-4478#Rev. Sociol. Polit.#other###Human Sciences###Revista de Sociologia e Política#rsocp#0104-4478##Universidade Federal do Paraná
1415-5419#Rev. Dent. Press Ortodon. Ortop. Facial#nbr6023###Health Sciences###Revista Dental Press de Ortodontia e Ortopedia Facial#dpress#1415-5419##Dental Press Editora
0100-6991#Rev. Col. Bras. Cir.#other###Health Sciences###Revista do Colégio Brasileiro de Cirurgiões#rcbc#0100-6991##Colégio Brasileiro de Cirurgiões
0104-8023#Rev. Dep. Psicol.,UFF#nbr6023###Human Sciences###Revista do Departamento de Psicologia. UFF#rdpsi#0104-8023##Universidade Federal Fluminense, Departamento de Psicologia
0041-8781#Rev. Hosp. Clin.#other###Health Sciences#Rev. Hosp. Clin. Fac. Med. Univ. São Paulo#S3L#Revista do Hospital das Clínicas#rhc#0041-8781##Faculdade de Medicina / Universidade de São Paulo - FM/USP
0036-4665#Rev. Inst. Med. trop. S. Paulo#other###Biological Sciences/Health Sciences#Rev Inst Med Trop Sao Paulo#S9D#Revista do Instituto de Medicina Tropical de São Paulo#rimtsp#0036-4665##Instituto de Medicina Tropical
0104-026X#Rev. Estud. Fem.#other###Human Sciences###Revista Estudos Feministas#ref#0104-026X##Centro de Filosofia e Ciências Humanas e Centro de Comunicação e Expressão da Universidade Federal de Santa Catarina
1414-4980#Rev. katálysis#nbr6023###Applied Social Sciences###Revista Katálysis#rk#1414-4980##Programa de Pós-Graduação em Serviço Social e Curso de Graduação em Serviço Social da Universidade Federal de Santa Catarina
0104-1169#Rev. Latino-Am. Enfermagem#other###Health Sciences#Rev Lat Am Enfermagem#9420934#Revista Latino-Americana de Enfermagem#rlae#0104-1169##Escola de Enfermagem de Ribeirão Preto / Universidade de São Paulo
0103-0582#Rev. paul. pediatr.#vancouv###Health Sciences###Revista Paulista de Pediatria#rpp#0103-0582##Sociedade de Pediatria de São Paulo
0102-8839#São Paulo Perspec.#other###Applied Social Sciences/Human Sciences###São Paulo em Perspectiva#spp#0102-8839##Fundação SEADE
1516-3180#Sao Paulo Med. J.#other###Health Sciences#Sao Paulo Med J#SZ5#Sao Paulo Medical Journal#spmj#1516-3180##Associação Paulista de Medicina - APM
0104-1290#Saude soc.#nbr6023###Human Sciences###Saúde e Sociedade#sausoc#0104-1290##Faculdade de Saúde Pública, Universidade de São Paulo., Associação Paulista de Saúde Pública.
0103-1759#Sba Controle & Automação#other###Exact and Earth Sciences###Sba: Controle & Automação Sociedade Brasileira de Automatica#ca#0103-1759##Sociedade Brasileira de Automática
0103-9016#Sci. agric. (Piracicaba, Braz.)#nbr6023###Agricultural Sciences###Scientia Agricola#sa#0103-9016##São Paulo - Escola Superior de Agricultura "Luiz de Queiroz"
0102-6992#Soc. estado.#nbr6023###Applied Social Sciences###Sociedade e Estado#se#0102-6992##Departamento de Sociologia da Universidade de Brasília 
1517-4522#Sociologias#other###Human Sciences###Sociologias#soc#1517-4522##Programa de Pós-Graduação em Sociologia - UFRGS
0100-5405#Summa phytopathol.#nbr6023###Agricultural Sciences###Summa Phytopathologica#sp#0100-5405##Grupo Paulista de Fitopatologia
1413-7704#Tempo#other###Human Sciences###Tempo#tem#1413-7704##EdUFF - Editora da UFF
0103-2070#Tempo soc.#other###Human Sciences###Tempo Social#ts#0103-2070##Departamento de Sociologia da Faculdade de Filosofia, Letras e Ciências Humanas da Universidade de São Paulo
0104-0707#Texto contexto - enferm.#vancouv###Health Sciences###Texto & Contexto - Enfermagem#tce#0104-0707##Universidade Federal de Santa Catarina, Programa de  Pós Graduação em Enfermagem 
0101-3173#Trans/Form/Ação#nbr6023###Human Sciences###Trans/Form/Ação#trans#0101-3173##Universidade Estadual Paulista, Departamento de Filosofia 
0104-8775#Varia hist.#nbr6023###Human Sciences###Varia Historia#vh#0104-8775##Universidade Federal de Minas Gerais, Faculdade de Filosofia e Ciências Humanas, Departamento de História
0100-8587#Relig. soc.#other###Human Sciences###Religião & Sociedade#rs#0100-8587##Instituto de Estudos da Religião
1982-5676#Trop. plant pathol.#other###Agricultural Sciences###Tropical Plant Pathology#tpp#1982-5676##Sociedade Brasileira de Fitopatologia
1806-6445#Sur, Rev. int. direitos human.#nbr6023###Applied Social Sciences/Human Sciences###Sur. Revista Internacional de Direitos Humanos#sur#1806-6445##Sur - Rede Universitária de Direitos Humanos
1415-4714#Rev. latinoam. psicopatol. fundam.#nbr6023###Human Sciences###Revista Latinoamericana de Psicopatologia Fundamental#rlpf#1415-4714##Associação Universitária de Pesquisa em Psicopatologia Fundamental
0103-4979#Cad. CRH#nbr6023###Applied Social Sciences/Human Sciences###Caderno CRH#ccrh#0103-4979##Universidade Federal da Bahia - Faculdade de Filosofia e Ciências Humanas - Centro de Recursos Humanos
0103-7307#Pro-Posições#nbr6023###Human Sciences###Pro-Posições#pp#0103-7307##UNICAMP - Faculdade de Educação
1984-0292#Fractal, Rev. Psicol.#other###Human Sciences###Fractal : Revista de Psicologia#fractal##1984-0292#Universidade Federal Fluminense, Departamento de Psicologia
0034-7590#Rev. adm. empres.#nbr6023###Applied Social Sciences###Revista de Administração de Empresas#rae#0034-7590##Fundação Getulio Vargas, Escola de Administração de  Empresas de S.Paulo
1982-4513#Soc. nat.#nbr6023###Human Sciences###Sociedade & Natureza#sn##1982-4513#Universidade Federal de Uberlândia, Instituto de Geografia, Programa de Pós-Graduação em Geografia
1678-3166#Sci. stud.#nbr6023###Human Sciences###Scientiae Studia#ss#1678-3166##Universidade de São Paulo, Departamento de Filosofia
0103-1813#Trab. linguist. apl.#other###Linguistics, Letters and Arts###Trabalhos em Linguística Aplicada#tla#0103-1813##UNICAMP. Departamento de Linguística Aplicada
1984-4670#Zoologia (Curitiba)#other###Biological Sciences###Zoologia (Curitiba)#zool#1984-4670##Sociedade Brasileira de Zoologia
0071-1276#An. Esc. Super. Agric. Luiz de Queiroz#nbr6023###Agricultural Sciences###Anais da Escola Superior de Agricultura Luiz de Queiroz#aesalq#0071-1276##Universidade de São Paulo, Escola Superior de Agricultura
1808-8694#Braz. j. otorhinolaryngol.#vancouv###Health Sciences###Brazilian Journal of Otorhinolaryngology#bjorl#1808-8694##Associação Brasileira de Otorrinolaringologia e Cirurgia Cervicofacial
1984-8250#Braz. J. Pharm. Sci.#nbr6023###Biological Sciences/Health Sciences###Brazilian Journal of Pharmaceutical Sciences#bjps#1984-8250##Universidade de São Paulo, Faculdade de Ciências Farmacêuticas
1679-3951#Cad. EBAPE.BR#nbr6023###Applied Social Sciences###Cadernos EBAPE.BR#cebape##1679-3951#Fundação Getulio Vargas, Escola Brasileira de Administração Pública e de Empresas
1807-7692#BAR, Braz. Adm. Rev.#other###Applied Social Sciences###BAR. Brazilian Administration Review#bar##1807-7692# ANPAD - Associação Nacional de Pós-Graduação e Pesquisa em Administração
1808-2432#Rev. direito GV#nbr6023###Applied Social Sciences###Revista Direito GV#rdgv#1808-2432##Fundação Getúlio Vargas, Escola de Direito
1413-8271#Psico-USF#apa###Human Sciences###Psico-USF#pusf#1413-8271##Universidade de São Francisco, Programa de Pós-Graduação Stricto Sensu em Psicologia
1808-1851#Coluna/Columna#vancouv###Health Sciences###Coluna/Columna#coluna#1808-1851##Sociedade Brasileira de Coluna
0104-9224#Soldag. insp.#nbr6023###Engineering###Soldagem & Inspeção#si#0104-9224##Associação Brasileira de Soldagem
0101-2800#J. Bras. Nefrol.#vancouv###Health Sciences###Jornal Brasileiro de Nefrologia#jbn#0101-2800##Sociedade Brasileira de Nefrologia
1678-6971#RAM, Rev. Adm. Mackenzie#nbr6023###Applied Social Sciences###RAM. Revista de Administração Mackenzie#ram##1678-6971#Universidade Presbiteriana Mackenzie
0102-6720#ABCD, arq. bras. cir. dig.#vancouv###Health Sciences###ABCD. Arquivos Brasileiros de Cirurgia Digestiva (São Paulo)#abcd#0102-6720##Colégio Brasileiro de Cirurgia Digestiva
2176-9451#Dental Press J. Orthod.#vancouv###Health Sciences###Dental Press Journal of Orthodontics#dpjo##2176-9451#Dental Press International
1678-5320#ARS (São Paulo)#nbr6023###Linguistics, Letters and Arts###ARS (São Paulo)#ars#1678-5320##Escola de Comunicações e Artes da Universidade de São Paulo
0103-2186#Estud. hist. (Rio J.)#nbr6023###Human Sciences###Estudos Históricos (Rio de Janeiro)#eh#0103-2186##Centro de Pesquisa e Documentação de História Contemporânea do Brasil da Fundação Getúlio Vargas
1981-8122#Bol. Mus. Para. Emílio Goeldi. Ciênc. hum.#nbr6023###Human Sciences###Boletim do Museu Paraense Emílio Goeldi. Ciências Humanas#bgoeldi#1981-8122##MCT/Museu Paraense Emílio Goeldi
1414-8145#Esc. Anna Nery#vancouv###Health Sciences###Escola Anna Nery#ean#1414-8145##Universidade Federal do Rio de Janeiro
0103-5150#Fisioter. mov.#vancouv###Health Sciences###Fisioterapia em Movimento#fm#0103-5150##Pontifícia Universidade Católica do Paraná
1984-2961#Rev. Bras. Parasitol. Vet.#nbr6023###Biological Sciences#Rev Bras Parasitol Vet#9440482#Revista Brasileira de Parasitologia Veterinária#rbpv##1984-2961#Colégio Brasileiro de Parasitologia Veterinária
1983-1447#Rev. Gaúcha Enferm.#vancouv###Health Sciences#Rev Gaucha Enferm.#15712799#Revista Gaúcha de Enfermagem#rgenf##1983-1447#Universidade Federal do Rio Grande do Sul. Escola de Enfermagem
1413-8557#Psicol. Esc. Educ.#apa###Human Sciences###Psicologia Escolar e Educacional#pee#1413-8557##Associação Brasileira de Psicologia Escolar e Educacional (ABRAPEE)
1806-6690#Rev. Ciênc. Agron.#nbr6023###Agricultural Sciences###Revista Ciência Agronômica#rca##1806-6690#Universidade Federal do Ceará
1516-0572#Rev. bras. plantas med.#nbr6023###Biological Sciences###Revista Brasileira de Plantas Medicinais#rbpm#1516-0572##UNESP
1807-1775#JISTEM J.Inf.Syst. Technol. Manag.#apa###Applied Social Sciences/Exact and Earth Sciences###JISTEM - Journal of Information Systems and Technology Management#jistm##1807-1775#TECSI Laboratório de Tecnologia e Sistemas de Informação - FEA/USP
1518-7632#Ling. (dis)curso#nbr6023###Linguistics, Letters and Arts###Linguagem em (Dis)curso#ld#1518-7632##Universidade do Sul de Santa Catarina
0101-6628#Serv. Soc. Soc.#nbr6023###Applied Social Sciences/Human Sciences###Serviço Social & Sociedade#sssoc#0101-6628##Cortez Editora Ltda
1983-3288#Psychol. Neurosci.#apa###Human Sciences###Psychology & Neuroscience#pn##1983-3288#Pontificia Universidade Católica do Rio de Janeiro, Universidade de Brasília, Universidade de São Paulo
1517-7599#Per musi#other###Linguistics, Letters and Arts###Per Musi#pm#1517-7599##Escola de Música da UFMG
1809-4872#Arquivos Int. Otorrinolaringol.#vancouv###Health Sciences###Arquivos Internacionais de Otorrinolaringologia#aio#1809-4872##Fundação Otorrinolaringologia
2179-6491#J. Soc. Bras. Fonoaudiol.#vancouv###Health Sciences###Jornal da Sociedade Brasileira de Fonoaudiologia#jsbf##2179-6491#Sociedade Brasileira de Fonoaudiologia
1984-6398#Rev. bras. linguist. apl.#nbr6023###Linguistics, Letters and Arts###Revista Brasileira de Linguística Aplicada#rbla##1984-6398#Faculdade de Letras - Universidade Federal de Minas Gerais
1807-8621#Acta Sci., Agron.#nbr6023###Agricultural Sciences###Acta Scientiarum. Agronomy#asagr##1807-8621#Editora da Universidade Estadual de Maringá - EDUEM
1807-5509#Rev. bras. educ. fís. esporte#nbr6023###Health Sciences###Revista Brasileira de Educação Física e Esporte#rbefe#1807-5509##Escola de Educação Física e Esporte da Universidade de São Paulo
1980-6574#Motriz: rev. educ. fis.#nbr6023###Health Sciences###Motriz: Revista de Educação Física#motriz##1980-6574#Universidade Estadual Paulista
1984-7033#Crop Breed. Appl. Biotechnol.#other###Agricultural Sciences###Crop Breeding and Applied Biotechnology#cbab##1984-7033#Crop Breeding and Applied Biotechnology
0101-3289#Rev. Bras. Ciênc. Esporte#nbr6023###Health Sciences###Revista Brasileira de Ciências do Esporte#rbce#0101-3289#2179-3255#Colégio Brasileiro de Ciências do Esporte
2179-975X#Acta Limnol. Bras.#other###Biological Sciences###Acta Limnologica Brasiliensia#alb##2179-975X#Associação Brasileira de Limnologia
1983-5175#Rev. Bras. Cir. Plást.#vancouv###Health Sciences###Revista Brasileira de Cirurgia Plástica#rbcp#1983-5175##Sociedade Brasileira de Cirurgia Plástica
1679-7825#Lat. Am. j. solids struct.#other###Engineering###Latin American Journal of Solids and Structures#lajss##1679-7825#Associação Brasileira de Ciências Mecânicas
1678-8621#Ambient. constr.#nbr6023###Engineering###Ambiente Construído#ac##1678-8621#Associação Nacional de Tecnologia do Ambiente Construído - ANTAC
0034-737X#Rev. Ceres#other###Agricultural Sciences/Biological Sciences###Revista Ceres#rceres#0034-737X##Universidade Federal de Viçosa
1981-7746#Trab. educ. saúde#nbr6023###Human Sciences###Trabalho, Educação e Saúde#tes##1981-7746#Fundação Oswaldo Cruz, Escola Politécnica de Saúde Joaquim Venâncio
1414-9893#Psicol. cienc. prof.#apa###Human Sciences###Psicologia: Ciência e Profissão#pcp#1414-9893##Conselho Federal de Psicologia
1982-8837#Pandaemonium ger.#nbr6023###Linguistics, Letters and Arts###Pandaemonium Germanicum#pg##1982-8837#Universidade de São Paulo/Faculdade de Filosofia, Letras e Ciências Humanas/, Programa de Pós-Graduação em Língua e Literatura Alemã
1980-0037#Rev. bras. cineantropom. desempenho hum.#vancouv###Health Sciences###Revista Brasileira de Cineantropometria & Desempenho Humano#rbcdh##1980-0037#Universidade Federal de Santa Catarina
1413-9251#Cad. estud.#nbr6023###Applied Social Sciences###Caderno de Estudos#cest#1413-9251##Fundação Instituto de Pesquisas Contábeis, Atuariais e Financeiras
1984-6487#Sex., Salud Soc. (Rio J.)#iso690###Human Sciences###Sexualidad, Salud y Sociedad (Rio de Janeiro)#sess##1984-6487#Centro Latino-Americano em Sexualidade e Direitos Humanos (CLAM/IMS/UERJ)
1982-2170#Bol. Ciênc. Geod.#nbr6023###Exact and Earth Sciences###Boletim de Ciências Geodésicas#bcg##1982-2170#Universidade Federal do Paraná
1980-6523#Rev. odonto ciênc.#vancouv###Health Sciences###Revista Odonto Ciência#roc##1980-6523#Pontifícia Universidade Católica do Rio Grande do Sul
1806-0013#Rev. dor#vancouv###Health Sciences###Revista Dor#rdor#1806-0013##Sociedade Brasileira para o Estudo da Dor
2179-1074#J. Microw. Optoelectron. Electromagn. Appl.#other###Engineering###Journal of Microwaves, Optoelectronics and Electromagnetic Applications#jmoea##2179-1074#Sociedade Brasileira de Microondas e Optoeletrônica e Sociedade Brasileira de Eletromagnetismo
2237-6089#Trends Psychiatry Psychother.#vancouv###Health Sciences###Trends in Psychiatry and Psychotherapy#trends#2237-6089##Associação de Psiquiatria do Rio Grande do Sul
1983-4063#Pesqui. Agropecu. Trop.#nbr6023###Agricultural Sciences###Pesquisa Agropecuária Tropical#pat##1983-4063#Escola de Agronomia e Engenharia de Alimentos/UFG
1809-4341#Vibrant, Virtual Braz. Anthr.#other###Human Sciences###Vibrant: Virtual Brazilian Anthropology#vb##1809-4341#Associação Brasileira de Antropologia (ABA)
1981-6723#Braz. J. Food Technol.#nbr6023###Agricultural Sciences###Brazilian Journal of Food Technology#bjft##1981-6723#Instituto de Tecnologia de Alimentos - ITAL
1809-2950#Fisioter. Pesqui.#vancouv###Health Sciences###Fisioterapia e Pesquisa#fp#1809-2950##Universidade de São Paulo
0373-5524#Bol. Inst. Oceanogr.#nbr6023###Exact and Earth Sciences###Boletim do Instituto Oceanográfico#bioce#0373-5524##Instituto Oceanográfico da Universidade de São Paulo
0100-4239#Bol. Inst. Paul. Oceanogr.#nbr6023###Exact and Earth Sciences###Boletim do Instituto Paulista de Oceanografia#bipoce#0100-4239##Instituto Oceanográfico da Universidade de São Paulo
1413-7739#Rev. Bras. Oceanogr.#nbr6023###Exact and Earth Sciences###Revista Brasileira de Oceanografia#rboce#1413-7739##Instituto Oceanográfico da Universidade de São Paulo
1413-2311#REAd. Rev. eletrôn. adm. (Porto Alegre)#nbr6023###Applied Social Sciences###REAd. Revista Eletrônica de Administração (Porto Alegre)#read##1413-2311#Escola de Administração da UFRGS
0303-7657#Rev. bras. saúde ocup.#nbr6023###Health Sciences###Revista Brasileira de Saúde Ocupacional#rbso#0303-7657##Fundação Jorge Duprat Figueiredo de Segurança e Medicina do Trabalho - FUNDACENTRO
2237-9363#J. Coloproctol. (Rio J.)#vancouv###Health Sciences###Journal of  Coloproctology (Rio de Janeiro)#jcol#2237-9363##Sociedade Brasileira de Coloproctologia
2236-8906#Hoehnea#nbr6023###Biological Sciences###Hoehnea#hoehnea##2236-8906#Instituto de Botânica
0103-636X#Bolema#nbr6023###Human Sciences###Bolema: Boletim de Educação Matemática#bolema#0103-636X##UNESP - Universidade Estadual Paulista, Pró-Reitoria de Pesquisa, Programa de Pós-Graduação em Educação Matemática
1809-4864#Int. Arch. Otorhinolaryngol.#vancouv###Health Sciences###International Archives of Otorhinolaryngology#iao#1809-9777#1809-4864#Fundação Otorrinolaringologia
1809-5844#Intercom, Rev. Bras. Ciênc. Comun.#nbr6023###Applied Social Sciences###Intercom: Revista Brasileira de Ciências da Comunicação#interc#1809-5844##Sociedade Brasileira de Estudos Interdisciplinares da Comunicação (INTERCOM)
2179-8397#Rev. Bras. Cardiol. Invasiva#vancouv###Health Sciences###Revista Brasileira de Cardiologia Invasiva#rbci##2179-8397#Sociedade Brasileira de Hemodinâmica e Cardiologia Intervencionista - SBHCI
1984-9230#Organ. Soc.#nbr6023###Applied Social Sciences/Human Sciences###Organizações & Sociedade#osoc##1984-9230#Escola de Administração da Universidade Federal da Bahia
0100-6045#Manuscrito#other###Human Sciences###Manuscrito#man#0100-6045##UNICAMP - Universidade Estadual de Campinas,  Centro de Lógica, Epistemologia e História da Ciência
0080-2107#Rev. Adm. (São Paulo)#nbr6023###Applied Social Sciences###Revista de Administração (São Paulo)#rausp#0080-2107##Departamento de Administração da Faculdade de Economia, Administração e Contabilidade da Universidade de São Paulo
0103-3352#Rev. Bras. Ciênc. Polít.#nbr6023###Human Sciences###Revista Brasileira de Ciência Política#rbcpol#0103-3352##Universidade de Brasília. Instituto de Ciência Política
1809-9823#Rev. bras. geriatr. gerontol.#vancouv###Health Sciences/Human Sciences###Revista Brasileira de Geriatria e Gerontologia#rbgg#1809-9823##Universidade do Estado do Rio Janeiro
1981-5794#Alfa, rev. linguíst. (São José Rio Preto)#nbr6023###Linguistics, Letters and Arts###Alfa : Revista de Linguística (São José do Rio Preto)#alfa##1981-5794#Universidade Estadual Paulista Júlio de Mesquita Filho
1807-8672#Acta Sci., Anim. Sci.#nbr6023###Agricultural Sciences###Acta Scientiarum. Animal Sciences#asas##1807-8672#Editora da Universidade Estadual de Maringá - EDUEM
2176-4573#Bakhtiniana, Rev. Estud. Discurso#nbr6023###Linguistics, Letters and Arts###Bakhtiniana: Revista de Estudos do Discurso#bak##2176-4573#LAEL/PUC-SP (Programa de Estudos Pós-Graduados em Linguística Aplicada e Estudos da Linguagem da Pontifícia Universidade Católica de São Paulo) 
2179-8451#TEMA (São Carlos)#other###Exact and Earth Sciences###TEMA (São Carlos)#tema##2179-8451#Sociedade Brasileira de Matemática Aplicada e Computacional
1983-4195#Rev. IBRACON Estrut. Mater.#other###Engineering###Revista IBRACON de Estruturas e Materiais#riem##1983-4195#IBRACON - Instituto Brasileiro do Concreto
1679-4508#Einstein (São Paulo)#other###Health Sciences###Einstein (São Paulo)#eins#1679-4508##Instituto Israelita de Ensino e Pesquisa Albert Einstein
1983-3083#Rev. educ. fis. UEM#nbr6023###Health Sciences###Revista da Educação Física / UEM#refuem#1983-3083#1983-3083 #Universidade Estadual de Maringá 
0104-7760#CERNE#nbr6023###Agricultural Sciences###CERNE#cerne#0104-7760##UFLA - Universidade Federal de Lavras
1983-6821#Machado Assis Linha#nbr6023###Linguistics, Letters and Arts###Machado de Assis em Linha#mael##1983-6821#Fundação Casa de Rui Barbosa
1517-3151#Rev. Bras. Eng. Bioméd.#vancouv###Engineering###Revista Brasileira de Engenharia Biomédica#rbeb#1517-3151##SBEB - Sociedade Brasileira de Engenharia Biomédica
2175-7860#Rodriguésia#other###Biological Sciences###Rodriguésia#rod##2175-7860#Instituto de Pesquisas Jardim Botânico do Rio de Janeiro
1807-2577#Rev. odontol. UNESP#vancouv###Health Sciences###Revista de Odontologia da UNESP#rounesp##1807-2577#Universidade Estadual Paulista Júlio de Mesquita Filho
2175-6236#Educ. Real.#nbr6023###Human Sciences###Educação & Realidade#edreal##2175-6236#Universidade Federal do Rio Grande do Sul - Faculdade de Educação
2316-4018#Estud. Lit. Bras. Contemp.#other###Linguistics, Letters and Arts###Estudos de Literatura Brasileira Contemporânea#elbc#2316-4018##Universidade de Brasília, Departamento de Teoria Literária e Literaturas
1980-8585#REMHU, Rev. Interdiscip. Mobil. Hum.#other###Applied Social Sciences###REMHU : Revista Interdisciplinar da Mobilidade Humana #remhu#1980-8585##Centro Scalabriniano de Estudos Migratórios
1519-9940#Rev. bras. saúde prod. anim.#nbr6023###Agricultural Sciences###Revista Brasileira de Saúde e Produção Animal#rbspa##1519-9940#UFBA - Universidade Federal da Bahia
0103-3786#Transinformação#other###Applied Social Sciences###Transinformação#tinf#0103-3786##Pontifícia Universidade Católica de Campinas
0103-1104#Saúde debate#nbr6023###Health Sciences###Saúde em Debate#sdeb#0103-1104##Centro Brasileiro de Estudos de Saúde
2317-1537#J. Seed Sci.#nbr6023###Agricultural Sciences###Journal of Seed Science#jss#2317-1537##ABRATES - Associação Brasileira de Tecnologia de Sementes
2317-1782#CoDAS#vancouv###Health Sciences###CoDAS#codas##2317-1782#Sociedade Brasileira de Fonoaudiologia
2175-3369#urbe, Rev. Bras. Gest. Urbana#nbr6023###Applied Social Sciences###urbe. Revista Brasileira de Gestão Urbana#urbe##2175-3369#Pontifícia Universidade Católica do Paraná
0002-0591#Afro-Ásia#other###Human Sciences###Afro-Ásia#afro#0002-0591##Universidade Federal da Bahia
2236-3459#Hist. Educ.#nbr6023###Human Sciences###História da Educação#heduc##2236-3459#Associação Sul-Rio-Grandense de Pesquisadores em História da Educação
